{"f1_score": 0.7111111111111111, "log_loss": 0.5832541418027557, "precision": 0.0, "recall": 0.0, "roc_auc_score": 0.75}